Domain,Status,Attractiveness,Demand,Length,Sectors,Created,Expires,Registrar
one.best,available,132,44%,3,"Business,General,Media,Technology",,,
second.best,expiring,120,23%,6,"General,Mathematics",30/08/2024 15:30,30/08/2025 23:59,"Name.com, Inc"
equal.best,resell,116,19%,5,"Education,General,Law",14/12/2024 02:47,14/12/2025 23:59,"Sav.com, LLC"
flat.best,available,116,24%,4,"Construction,Real Estate",,,
tonic.best,available,114,22%,5,"Health and Fitness,Medicine,Science",,,
hotshot.best,expiring,112,14%,7,"Business,Entertainment,Sports",20/08/2024 00:55,20/08/2025 23:59,"Sav.com, LLC"
above.best,resell,112,22%,5,Business,11/03/2023 13:11,11/03/2026 23:59,"Sav.com, LLC - 12"
acute.best,available,112,9%,5,"Mathematics,Medicine,Science",,,
abstract.best,available,108,29%,8,"Arts,Humanities,Science",,,
abiding.best,available,106,5%,7,"General,Religion",,,
active.best,expiring,104,27%,6,"Health and Fitness,Sports,Travel",25/08/2024 07:01,25/08/2025 23:59,"Sav.com, LLC"
expert.best,resell,104,26%,6,"Business,Education,Technology",22/01/2021 13:02,22/01/2026 23:59,Dynadot LLC
teen.best,available,104,14%,4,"Education,Entertainment,Healthcare",,,
captive.best,available,102,14%,7,"Entertainment,Hospitality,Technology",,,
eight.best,available,102,23%,5,"General,Mathematics",,,
absent.best,available,102,8%,6,"Business,Education,Technology",,,
ninth.best,available,100,9%,5,Mathematics,,,
abrupt.best,available,100,3%,6,"Medicine,Science",,,
adjunct.best,available,100,5%,7,Education,,,
eighth.best,available,100,6%,6,Mathematics,,,
remove.best,available,100,13%,6,"Construction,Manufacturing,Technology",,,
whiz.best,available,100,12%,4,"Business,Education,Technology",,,
sixth.best,available,100,8%,5,Mathematics,,,
crack.best,available,100,20%,5,Sports,,,
genius.best,expiring,98,46%,6,"Arts,Education,Technology",07/09/2024 17:06,07/09/2025 23:59,"Sav.com, LLC"
whizz.best,available,98,11%,5,"Business,Education,Technology",,,
forgiving.best,available,96,3%,9,"Healthcare,Religion",,,
academic.best,available,96,20%,8,"Education,Humanities,Science",,,
alamode.best,available,96,12%,9,Fashion,,,
doable.best,available,96,9%,6,"Business,Education,Technology",,,
adequate.best,available,94,9%,8,"Education,Healthcare,Technology",,,
virtuoso.best,expiring,94,16%,8,"Arts,Entertainment",10/09/2024 19:37,10/09/2025 23:59,Namecheap
around.best,available,94,22%,6,"Business,General,Media,Technology",,,
neutral.best,available,92,20%,7,"Business,Media,Politics",,,
nought.best,available,92,4%,6,Mathematics,,,
twentieth.best,available,92,3%,9,Mathematics,,,
adjective.best,available,92,5%,9,Education,,,
abroad.best,available,92,12%,6,"Hospitality,Travel",,,
exemplary.best,available,92,5%,9,"Business,Education,Healthcare",,,
clear.best,resell,90,47%,5,"Manufacturing,Retail,Technology",02/12/2024 08:39,02/12/2025 23:59,"Sav.com, LLC"
endearing.best,available,90,1%,9,"Entertainment,Fashion,Retail",,,
riveting.best,available,90,6%,8,"Entertainment,Media,Technology",,,
adoring.best,available,90,2%,7,"Entertainment,Fashion,Retail",,,
gripping.best,available,90,3%,8,"Entertainment,Media,Technology",,,
leash.best,available,90,7%,5,"General,Health and Fitness,Retail",,,
addictive.best,available,90,9%,9,Healthcare,,,
additional.best,available,90,8%,10,"Fashion,Retail,Technology",,,
wide.best,expired,88,18%,4,"Business,Media,Technology",15/06/2024 01:30,15/06/2025 23:59,"Sav.com, LLC- 9"
ten.best,resell,88,28%,3,"General,Mathematics",05/08/2017 04:43,05/08/2026 23:59,Namecheap
actionable.best,available,88,13%,10,"Business,Law",,,
proficient.best,available,88,8%,10,"Education,Health and Fitness,Sports",,,
hundred.best,available,88,14%,7,Mathematics,,,
three.best,resell,88,24%,5,Mathematics,25/01/2025 22:08,25/01/2026 23:59,"Sav.com, LLC"
activist.best,available,88,12%,8,"Humanities,Politics",,,
adlib.best,available,88,7%,6,Entertainment,,,
sixteen.best,available,88,11%,7,Mathematics,,,
fifteen.best,available,88,13%,7,Mathematics,,,
twelve.best,available,88,18%,6,"General,Mathematics",,,
attendant.best,available,86,5%,9,"Healthcare,Hospitality,Transportation",,,
extempore.best,available,86,3%,9,Entertainment,,,
adolescent.best,available,86,3%,10,"Education,Entertainment,Healthcare",,,
cipher.best,available,86,29%,6,Mathematics,,,
recondite.best,available,86,4%,9,"Arts,Humanities,Science",,,
aboriginal.best,available,86,10%,10,Humanities,,,
engrossing.best,available,86,0%,10,"Entertainment,Media,Technology",,,
xix.best,available,86,11%,3,Mathematics,,,
xiv.best,available,86,12%,3,Mathematics,,,
adjustable.best,available,84,3%,10,"Manufacturing,Retail,Technology",,,
seventeen.best,available,84,7%,9,Mathematics,,,
thousand.best,available,84,8%,8,Mathematics,,,
nineteen.best,available,84,8%,8,Mathematics,,,
accessory.best,resell,84,8%,9,"Fashion,Retail,Technology",06/08/2023 00:12,06/08/2026 23:59,Namecheap
grand.best,available,84,25%,5,"Finance,General",,,
twentyone.best,available,84,13%,10,Mathematics,,,
thirteen.best,available,84,10%,8,Mathematics,,,
deviate.best,available,84,12%,7,"Medicine,Science",,,
twentytwo.best,available,84,11%,10,Mathematics,,,
fourteen.best,available,84,8%,8,Mathematics,,,
abdominal.best,available,82,1%,9,"Health and Fitness,Medicine",,,
abenaki.best,available,82,2%,7,Geography,,,
enduring.best,available,82,9%,8,"Health and Fitness,Religion",,,
absorbent.best,available,82,3%,9,"Healthcare,Manufacturing,Retail",,,
dozen.best,available,82,10%,5,Mathematics,,,
altered.best,available,82,9%,7,"Medicine,Science",,,
decade.best,available,82,10%,6,Mathematics,,,
abroach.best,available,82,1%,7,Food and Beverage,,,
impromptu.best,available,82,16%,9,Entertainment,,,
abkhaz.best,available,82,1%,6,Geography,,,
fivesome.best,available,82,1%,8,Sports,,,
absorbable.best,available,80,0%,10,"Healthcare,Pharmaceuticals,Science",,,
abundant.best,available,80,19%,8,"Agriculture,Manufacturing,Retail",,,
twenty.best,expired,80,12%,6,Mathematics,25/06/2024 17:40,25/06/2025 23:59,Namecheap
superstar.best,available,80,18%,9,Entertainment,,,
dorsal.best,available,80,6%,6,"Medicine,Science",,,
worshipful.best,available,80,1%,10,"Education,Healthcare,Religion",,,
sequent.best,available,80,7%,7,"Healthcare,Insurance,Transportation",,,
nine.best,available,80,24%,4,"General,Mathematics",,,
capable.best,available,80,12%,7,"Business,Education,Technology",,,
seventh.best,available,80,10%,7,Mathematics,,,
able.best,available,80,29%,4,"Business,Education,General,Technology",,,
wiz.best,available,80,30%,3,"Business,Education,Technology",,,
some.best,resell,80,32%,4,"Business,Media,Retail",17/10/2024 18:58,17/10/2025 23:59,"Sav.com, LLC"
two.best,resell,80,24%,3,Mathematics,25/01/2025 22:08,25/01/2026 23:59,"Sav.com, LLC"
adoptable.best,available,80,3%,9,"Education,Healthcare",,,
forty.best,available,80,9%,5,Mathematics,,,
trio.best,premium,80,21%,4,Entertainment,03/07/2024 06:06,03/07/2026 23:59,"Sav.com, LLC"
adrenal.best,available,78,4%,7,"Education,Healthcare,Science",,,
sixtynine.best,available,78,8%,10,Mathematics,,,
acceptable.best,available,78,5%,10,"Business,Hospitality,Retail",,,
absorptive.best,available,78,1%,10,"Healthcare,Manufacturing,Retail",,,
dormant.best,available,78,4%,7,"Medicine,Science",,,
accessible.best,available,78,21%,10,"Healthcare,Retail,Technology",,,
accepted.best,available,78,6%,8,"Business,Education,Technology",,,
abkhasian.best,available,78,1%,9,Geography,,,
low.best,available,78,20%,3,"Business,Finance",,,
adjacent.best,available,78,9%,8,"Construction,Real Estate,Retail",,,
abkhazian.best,available,78,1%,9,Geography,,,
abounding.best,available,78,2%,9,Agriculture,,,
recognized.best,available,78,3%,10,"Business,Education,Technology",,,
accurate.best,available,78,16%,8,"Engineering,Mathematics,Science",,,
recognised.best,available,78,3%,10,"Business,Education,Technology",,,
acceptant.best,available,78,1%,9,"Education,Healthcare",,,
twentysix.best,available,78,8%,10,Mathematics,,,
honestly.best,available,78,9%,8,"Business,Law",,,
athletic.best,available,78,15%,8,"Health and Fitness,Sports",,,
accidental.best,available,78,11%,10,"Healthcare,Insurance,Transportation",,,
adorable.best,available,78,8%,8,"Entertainment,Fashion,Retail",,,
fourteenth.best,available,76,1%,10,Mathematics,,,
threed.best,available,76,7%,7,Technology,,,
thirteenth.best,available,76,4%,10,Mathematics,,,
abrasive.best,available,76,6%,8,"Construction,Manufacturing",,,
adipose.best,available,76,2%,7,"Healthcare,Science",,,
adherent.best,available,76,4%,8,"Politics,Religion",,,
adaptable.best,available,76,9%,9,"Business,Education,Technology",,,
energizing.best,available,76,3%,10,"Food and Beverage,Health and Fitness,Travel",,,
firstrate.best,available,76,6%,10,Business,,,
thousandth.best,available,76,1%,10,Mathematics,,,
auxiliary.best,available,76,7%,9,"Healthcare,Manufacturing,Technology",,,
ventral.best,available,76,3%,7,Science,,,
fifteenth.best,available,76,2%,9,Mathematics,,,
improvise.best,available,76,4%,9,Entertainment,,,
resultant.best,available,76,2%,9,"Healthcare,Insurance,Transportation",,,
addable.best,available,76,2%,7,"Engineering,Mathematics,Science",,,
nineteenth.best,available,76,3%,10,Mathematics,,,
adaptive.best,available,76,28%,8,"Business,Education,Technology",,,
ague.best,available,76,2%,4,"Geography,Medicine,Science",,,
hundredth.best,available,76,1%,9,Mathematics,,,
incidental.best,available,76,4%,10,"Healthcare,Insurance,Transportation",,,
eighteen.best,available,76,7%,8,Mathematics,,,
acoustic.best,available,76,14%,8,Science,,,
ancillary.best,available,76,6%,9,"Healthcare,Manufacturing,Technology",,,
aberrant.best,available,74,6%,8,"Medicine,Science",,,
realizable.best,available,74,1%,10,"Business,Education,Technology",,,
accepting.best,available,74,3%,9,"Education,Healthcare",,,
manageable.best,available,74,4%,10,"Business,Education,Technology",,,
playing.best,available,74,12%,7,Entertainment,,,
cleared.best,available,74,7%,7,"Healthcare,Law,Transportation",,,
mavin.best,available,74,7%,5,"Entertainment,Fashion,Technology",,,
sensation.best,available,74,7%,9,"Entertainment,Media,Sports",,,
broad.best,available,74,13%,5,"Entertainment,General,Media",,,
adrenergic.best,available,74,1%,10,"Education,Healthcare,Science",,,
adapted.best,available,74,6%,7,"Healthcare,Manufacturing,Technology",,,
admirable.best,available,74,5%,9,"Business,Education,Healthcare",,,
adenoid.best,available,74,1%,7,"Health and Fitness,Medicine,Science",,,
achievable.best,available,74,4%,10,"Business,Education,Technology",,,
activated.best,available,74,9%,9,"Healthcare,Manufacturing,Technology",,,
adamant.best,expiring,74,14%,7,Religion,13/09/2024 00:08,13/09/2025 23:59,"Sav.com, LLC - 29"
single.best,available,74,19%,6,Sports,,,
acuate.best,available,74,2%,6,"Engineering,Medicine,Science",,,
skilful.best,available,74,3%,7,"Education,Health and Fitness,Sports",,,
deep.best,resell,72,41%,4,"Engineering,Mathematics,Science",23/12/2024 21:50,23/12/2025 23:59,"Porkbun, LLC"
adaptative.best,available,72,1%,10,"Business,Education,Technology",,,
adjectival.best,available,72,1%,10,Education,,,
trey.best,available,72,14%,4,Sports,,,
adjunctive.best,available,72,1%,10,"Healthcare,Manufacturing,Technology",,,
champion.best,available,72,28%,8,"Entertainment,Health and Fitness,Sports",,,
engrossed.best,available,72,1%,9,"Entertainment,Media,Technology",,,
abreast.best,available,72,2%,7,"Business,Technology",,,
existent.best,available,72,3%,8,"Mathematics,Science",,,
accustomed.best,available,72,1%,10,"Business,Education,Humanities",,,
accusative.best,available,72,0%,10,"Humanities,Law",,,
sixtieth.best,available,72,1%,8,Mathematics,,,
adonic.best,available,72,2%,6,"Arts,Education,Entertainment",,,
ablaze.best,available,72,6%,6,Entertainment,,,
abloom.best,available,72,5%,6,Agriculture,,,
seventieth.best,available,72,1%,10,Mathematics,,,
eightieth.best,available,72,1%,9,Mathematics,,,
absolutist.best,available,72,1%,10,"Humanities,Law,Politics",,,
adiabatic.best,available,72,3%,9,"Engineering,Science",,,
absorbed.best,available,72,2%,8,"Entertainment,Media,Technology",,,
improvize.best,available,72,1%,9,Entertainment,,,
addicted.best,available,72,9%,8,Healthcare,,,
ninetieth.best,available,72,1%,9,Mathematics,,,
adjusted.best,available,70,5%,8,"Manufacturing,Retail,Technology",,,
accumbent.best,available,70,1%,9,"Healthcare,Medicine,Science",,,
unity.best,resell,70,40%,5,Mathematics,09/07/2025 16:54,09/07/2026 23:59,Dynadot LLC
abradant.best,available,70,1%,8,"Construction,Manufacturing",,,
practiced.best,available,70,3%,9,"Education,Health and Fitness,Sports",,,
abulic.best,available,70,1%,6,Medicine,,,
skillful.best,available,70,9%,8,"Education,Health and Fitness,Sports",,,
absorbing.best,available,70,3%,9,"Entertainment,Media,Technology",,,
offhand.best,available,70,2%,7,Entertainment,,,
acuminate.best,available,70,1%,9,"Engineering,Medicine,Science",,,
adored.best,available,70,6%,6,"Entertainment,Fashion,Retail",,,
gymnastic.best,available,70,3%,9,"Entertainment,Sports",,,
admired.best,available,70,5%,7,"Business,Education,Healthcare",,,
recumbent.best,available,70,2%,9,"Healthcare,Medicine,Science",,,
adamantine.best,available,70,4%,10,Religion,,,
fiftieth.best,available,68,0%,8,Mathematics,,,
vindicated.best,available,68,2%,10,"Humanities,Law,Politics",,,
ane.best,available,68,12%,3,Mathematics,,,
activating.best,available,68,3%,10,"Healthcare,Manufacturing,Technology",,,
aculeate.best,available,68,1%,8,"Engineering,Medicine,Science",,,
fortieth.best,available,68,0%,8,Mathematics,,,
octonary.best,available,68,1%,8,Mathematics,,,
decorated.best,available,68,3%,9,"Entertainment,Fashion,Retail",,,
aroused.best,available,68,3%,7,"Entertainment,Health and Fitness",,,
aberdonian.best,available,68,1%,10,Geography,,,
septenary.best,available,68,1%,9,Mathematics,,,
sevener.best,available,68,1%,7,Mathematics,,,
foursome.best,available,68,4%,8,Sports,,,
abkhas.best,available,68,0%,6,Geography,,,
disciple.best,available,68,14%,8,"Education,Religion",,,
accredited.best,available,68,9%,10,"Business,Education,Healthcare",,,
ennead.best,available,68,5%,6,Mathematics,,,
licensed.best,available,68,5%,8,"Business,Healthcare,Insurance",,,
abnaki.best,available,68,1%,6,Geography,,,
overseas.best,available,68,12%,8,"Hospitality,Travel",,,
licenced.best,available,68,2%,8,"Business,Healthcare,Insurance",,,
thirtieth.best,available,68,1%,9,Mathematics,,,
abducent.best,available,68,0%,8,Medicine,,,
ablative.best,available,68,3%,8,Science,,,
acrobatic.best,available,66,4%,9,"Entertainment,Sports",,,
clv.best,available,66,10%,3,Mathematics,,,
performing.best,available,66,6%,10,Entertainment,,,
abstinent.best,available,66,1%,9,"Health and Fitness,Religion",,,
xvii.best,available,66,5%,4,Mathematics,,,
latest.best,available,66,18%,6,Technology,,,
ninety.best,available,66,11%,6,Mathematics,,,
onec.best,available,66,6%,5,Mathematics,,,
xxvi.best,available,66,3%,4,Mathematics,,,
maven.best,available,66,30%,5,"Entertainment,Fashion,Technology",,,
eighty.best,available,66,6%,6,Mathematics,,,
six.best,available,66,26%,3,Mathematics,,,
sextet.best,available,66,1%,6,Entertainment,,,
five.best,available,66,26%,4,Mathematics,,,
buzzing.best,available,66,7%,7,"Entertainment,Media,Technology",,,
xvi.best,available,66,5%,3,Mathematics,,,
deuce.best,available,66,9%,5,Sports,,,
xxi.best,available,66,10%,3,Mathematics,,,
thirty.best,available,66,8%,6,Mathematics,,,
adopted.best,available,66,4%,7,"Education,Healthcare",,,
xii.best,available,66,10%,3,Mathematics,,,
xxv.best,available,66,6%,3,Mathematics,,,
fifty.best,available,66,12%,5,Mathematics,,,
modish.best,available,66,5%,6,Fashion,,,
accessary.best,available,66,1%,9,"Business,Law,Technology",,,
adorned.best,available,66,5%,7,"Entertainment,Fashion,Retail",,,
xviii.best,available,66,5%,5,Mathematics,,,
according.best,available,66,3%,9,"Business,Education,Technology",,,
xxii.best,available,66,6%,4,Mathematics,,,
century.best,available,66,17%,7,Education,,,
exonerated.best,available,66,2%,10,"Humanities,Law,Politics",,,
xiii.best,available,66,9%,4,Mathematics,,,
tenner.best,available,66,5%,6,Finance,,,
absolved.best,available,64,1%,8,"Humanities,Law,Religion",,,
aflame.best,available,64,3%,6,Entertainment,,,
deviant.best,available,64,12%,7,"Medicine,Science",,,
accordant.best,available,64,3%,9,"Arts,Entertainment",,,
nondrinker.best,available,64,1%,10,"Health and Fitness,Religion",,,
adagio.best,available,64,14%,6,Entertainment,,,
twodozen.best,available,62,1%,9,Mathematics,,,
adjuvant.best,available,62,5%,8,"Healthcare,Manufacturing,Technology",,,
eleventh.best,available,62,5%,8,Mathematics,,,
exculpated.best,available,62,1%,10,"Humanities,Law,Politics",,,
playacting.best,available,62,1%,10,Entertainment,,,
abo.best,available,62,15%,3,Science,,,
activistic.best,available,62,1%,10,"Humanities,Politics",,,
accrued.best,available,62,2%,7,"Banking,Finance,Insurance",,,
troika.best,available,62,8%,6,Politics,,,
cumulative.best,available,62,2%,10,"Banking,Finance,Insurance",,,
admissible.best,available,62,1%,10,"Education,Healthcare,Law",,,
activation.best,available,62,16%,10,"Healthcare,Manufacturing,Technology",,,
ensuant.best,available,62,1%,7,"Healthcare,Insurance,Transportation",,,
pungent.best,available,62,1%,7,Food and Beverage,,,
roughly.best,available,62,3%,7,"Business,Media,Technology",,,
adoptive.best,available,62,1%,8,"Education,Healthcare",,,
fortyfour.best,available,62,6%,10,Mathematics,,,
aufait.best,available,62,3%,7,"Fashion,Media",,,
chiliad.best,available,62,2%,7,Mathematics,,,
orso.best,available,62,9%,5,"Business,Media,Technology",,,
quartet.best,available,62,7%,7,"Arts,Entertainment",,,
nail.best,available,62,16%,4,"Construction,Fashion,General,Retail",,,
longdozen.best,available,62,2%,10,Mathematics,,,
sixteenth.best,available,62,1%,9,Mathematics,,,
aborigine.best,available,62,1%,9,Humanities,,,
wrapped.best,available,62,13%,7,"Fashion,Hospitality,Retail",,,
eighteenth.best,available,62,1%,10,Mathematics,,,
tertiary.best,available,60,4%,8,Education,,,
cxxxv.best,available,60,2%,5,Mathematics,,,
clxv.best,available,60,1%,4,Mathematics,,,
idolised.best,available,60,1%,8,"Entertainment,Fashion,Retail",,,
abstainer.best,available,60,0%,9,"Health and Fitness,Religion",,,
abashed.best,available,60,1%,7,Humanities,,,
cxlv.best,available,60,2%,4,Mathematics,,,
sixty.best,available,60,13%,5,Mathematics,,,
adnate.best,available,60,1%,6,"Agriculture,Manufacturing,Retail",,,
clx.best,available,60,10%,3,Mathematics,,,
adnexal.best,available,60,1%,7,"Agriculture,Manufacturing,Retail",,,
cxxx.best,available,60,4%,4,Mathematics,,,
xcl.best,available,60,5%,3,Mathematics,,,
idolized.best,available,60,3%,8,"Entertainment,Fashion,Retail",,,
cautionary.best,available,60,1%,10,"Business,Education,Healthcare",,,
acceptive.best,available,60,1%,9,"Education,Healthcare",,,
eightysix.best,available,60,7%,10,Mathematics,,,
clxxv.best,available,60,1%,5,Mathematics,,,
clxxx.best,available,60,1%,5,Mathematics,,,
abstemious.best,available,60,0%,10,"Food and Beverage,Health and Fitness,Hospitality",,,
cxv.best,available,60,4%,3,Mathematics,,,
cxxv.best,available,60,1%,4,Mathematics,,,
aboveboard.best,available,60,5%,10,"Business,Law",,,
clxx.best,available,60,3%,4,Mathematics,,,
cxl.best,available,60,7%,3,Mathematics,,,
annexal.best,available,60,1%,7,"Agriculture,Manufacturing,Retail",,,
thou.best,available,60,7%,4,Mathematics,,,
paunchy.best,available,60,0%,7,"Health and Fitness,Medicine",,,
heptad.best,available,58,1%,6,Mathematics,,,
accented.best,available,58,3%,8,"Arts,Entertainment",,,
abridged.best,available,58,4%,8,Media,,,
aucourant.best,available,58,3%,10,"Fashion,Media",,,
closeto.best,available,58,3%,8,"Business,Media,Technology",,,
linear.best,available,58,22%,6,"Engineering,Mathematics,Science",,,
adient.best,available,58,4%,6,"Medicine,Science",,,
twelfth.best,available,58,2%,7,Mathematics,,,
fourscore.best,available,58,4%,9,Mathematics,,,
justabout.best,available,58,3%,10,"Business,Media,Technology",,,
fifth.best,available,58,12%,5,Mathematics,,,
sixtyone.best,available,58,3%,9,Mathematics,,,
enwrapped.best,available,58,0%,9,"Entertainment,Fashion,Media",,,
adhoc.best,resell,58,24%,6,"Business,Engineering,Technology",28/01/2025 05:30,28/01/2026 23:59,Namecheap
addressed.best,available,58,3%,9,"Business,Technology,Telecommunications",,,
alacarte.best,available,58,11%,10,Food and Beverage,,,
hexad.best,available,58,4%,5,Mathematics,,,
seventy.best,available,58,7%,7,Mathematics,,,
offhanded.best,available,58,1%,9,Entertainment,,,
eighter.best,available,58,2%,7,Mathematics,,,
octad.best,available,58,5%,5,Mathematics,,,
accretive.best,available,58,6%,9,"Banking,Finance,Insurance",,,
centesimal.best,available,58,1%,10,Mathematics,,,
niner.best,available,58,5%,5,Mathematics,,,
addible.best,available,58,2%,7,"Engineering,Mathematics,Science",,,
acyclic.best,available,58,4%,7,"Engineering,Mathematics,Science",,,
accoutred.best,available,58,1%,9,"Fashion,Manufacturing,Retail",,,
pentad.best,available,58,2%,6,Mathematics,,,
sixer.best,available,58,5%,5,Sports,,,
adjustive.best,available,58,1%,9,"Manufacturing,Retail,Technology",,,
sextuplet.best,available,58,1%,9,Healthcare,,,
tetrad.best,available,58,5%,6,Mathematics,,,
acetic.best,available,58,1%,6,"Food and Beverage,Science",,,
actuarial.best,available,58,8%,9,"Finance,Insurance,Mathematics",,,
abuzz.best,available,58,5%,5,"Entertainment,Media,Technology",,,
cypher.best,premium,58,29%,6,Mathematics,10/07/2024 03:17,10/07/2026 23:59,"Sav.com, LLC"
lxxx.best,available,58,2%,4,Mathematics,,,
xlii.best,available,56,5%,4,Mathematics,,,
xxxv.best,available,56,4%,4,Mathematics,,,
lii.best,available,56,7%,3,Mathematics,,,
thirtytwo.best,available,56,5%,10,Mathematics,,,
xxix.best,available,56,4%,4,Mathematics,,,
fiftytwo.best,available,56,6%,9,Mathematics,,,
potbellied.best,available,56,0%,10,"Health and Fitness,Medicine",,,
maledict.best,available,56,1%,8,Religion,,,
xxxi.best,available,56,9%,4,Mathematics,,,
xli.best,available,56,5%,3,Mathematics,,,
xliv.best,available,56,2%,4,Mathematics,,,
fiftysix.best,available,56,4%,9,Mathematics,,,
fiftyone.best,available,56,7%,9,Mathematics,,,
halfdozen.best,available,56,1%,10,Mathematics,,,
xxxii.best,available,56,1%,5,Mathematics,,,
fiftynine.best,available,56,4%,10,Mathematics,,,
xlv.best,available,56,6%,3,Mathematics,,,
xxxiv.best,available,56,1%,5,Mathematics,,,
xlvi.best,available,56,3%,4,Mathematics,,,
thirtysix.best,available,56,5%,10,Mathematics,,,
fortysix.best,available,56,3%,9,Mathematics,,,
fortynine.best,available,56,3%,10,Mathematics,,,
fiftyfour.best,available,56,3%,10,Mathematics,,,
accoutered.best,available,56,0%,10,"Fashion,Manufacturing,Retail",,,
abeyant.best,available,56,1%,7,"Business,Law",,,
liii.best,available,56,4%,4,Mathematics,,,
xlviii.best,available,56,1%,6,Mathematics,,,
lvi.best,available,56,8%,3,Mathematics,,,
xliii.best,available,56,1%,5,Mathematics,,,
lvii.best,available,56,1%,4,Mathematics,,,
admittable.best,available,56,1%,10,"Education,Healthcare,Hospitality",,,
ilx.best,available,56,5%,3,Mathematics,,,
xlvii.best,available,56,2%,5,Mathematics,,,
xxxiii.best,available,56,2%,6,Mathematics,,,
xxviii.best,available,56,1%,6,Mathematics,,,
xxiv.best,available,56,5%,4,Mathematics,,,
lviii.best,available,56,1%,5,Mathematics,,,
fortytwo.best,available,56,17%,9,Mathematics,,,
thirtyone.best,available,56,5%,10,Mathematics,,,
addled.best,available,56,2%,6,Entertainment,,,
xxvii.best,available,56,3%,5,Mathematics,,,
appressed.best,available,56,0%,9,"Agriculture,Manufacturing,Retail",,,
xxxvi.best,available,56,1%,5,Mathematics,,,
xxxvii.best,available,56,2%,6,Mathematics,,,
fortyone.best,available,56,4%,9,Mathematics,,,
admissive.best,available,56,1%,9,"Education,Healthcare,Hospitality",,,
abdominous.best,available,56,0%,10,"Health and Fitness,Medicine",,,
xxiii.best,available,56,5%,5,Mathematics,,,
admittible.best,available,56,1%,10,"Education,Healthcare,Hospitality",,,
xxxviii.best,available,56,1%,7,Mathematics,,,
fiftyfive.best,available,56,7%,10,Mathematics,,,
aboral.best,available,54,2%,6,Science,,,
scratchy.best,available,54,3%,8,Fashion,,,
deuceace.best,available,54,2%,9,Sports,,,
monitory.best,available,54,3%,8,"Business,Education,Healthcare",,,
threescore.best,available,54,1%,10,Mathematics,,,
actuated.best,available,54,2%,8,"Automotive,Manufacturing,Technology",,,
topnotch.best,available,54,18%,8,Business,,,
abatable.best,available,54,1%,8,Law,,,
acoustical.best,available,54,4%,10,Science,,,
vii.best,available,54,13%,3,Mathematics,,,
adductive.best,available,54,0%,9,"Engineering,Mathematics,Science",,,
achromatic.best,available,54,4%,10,Science,,,
fortyfive.best,available,54,4%,10,Mathematics,,,
abient.best,available,54,1%,6,Science,,,
abaxial.best,available,54,1%,7,Science,,,
viii.best,available,54,6%,4,Mathematics,,,
twoscore.best,available,54,2%,8,Mathematics,,,
abasic.best,available,54,1%,6,Science,,,
adducting.best,available,54,1%,9,"Engineering,Mathematics,Science",,,
adaxial.best,available,54,2%,7,Science,,,
adpressed.best,available,54,0%,9,"Agriculture,Manufacturing,Retail",,,
admonitory.best,available,54,0%,10,"Business,Education,Healthcare",,,
adducent.best,available,54,1%,8,"Engineering,Mathematics,Science",,,
quaternion.best,available,54,6%,10,Mathematics,,,
accentual.best,available,54,3%,9,"Arts,Entertainment",,,
adjuratory.best,available,54,0%,10,"Law,Politics,Religion",,,
quatern.best,available,54,2%,7,Mathematics,,,
abducens.best,available,54,1%,8,Medicine,,,
abatic.best,available,54,1%,6,Science,,,
quaternity.best,available,54,4%,10,Mathematics,,,
xcv.best,available,52,7%,3,Mathematics,,,
lxxvi.best,available,52,1%,5,Mathematics,,,
lxxxv.best,available,52,1%,5,Mathematics,,,
ixl.best,available,52,9%,3,Mathematics,,,
sixtyfour.best,available,52,3%,10,Mathematics,,,
lxxxvi.best,available,52,1%,6,Mathematics,,,
lxxiii.best,available,52,1%,6,Mathematics,,,
lxvii.best,available,52,1%,5,Mathematics,,,
lxxxii.best,available,52,1%,6,Mathematics,,,
lxi.best,available,52,5%,3,Mathematics,,,
lxxiv.best,available,52,1%,5,Mathematics,,,
lxxvii.best,available,52,2%,6,Mathematics,,,
ixc.best,available,52,5%,3,Mathematics,,,
xciii.best,available,52,1%,5,Mathematics,,,
lxxxiv.best,available,52,1%,6,Mathematics,,,
lxviii.best,available,52,1%,6,Mathematics,,,
lxiv.best,available,52,3%,4,Mathematics,,,
ninetysix.best,available,52,4%,10,Mathematics,,,
xcii.best,available,52,2%,4,Mathematics,,,
xci.best,available,52,4%,3,Mathematics,,,
lxiii.best,available,52,2%,5,Mathematics,,,
eightytwo.best,available,52,4%,10,Mathematics,,,
eightyone.best,available,52,3%,10,Mathematics,,,
xciv.best,available,52,2%,4,Mathematics,,,
ninetyone.best,available,52,5%,10,Mathematics,,,
ablated.best,available,52,1%,7,Science,,,
sixtytwo.best,available,52,3%,9,Mathematics,,,
lxxv.best,available,52,1%,4,Mathematics,,,
lxv.best,available,52,5%,3,Mathematics,,,
uphill.best,available,52,7%,6,"Sports,Transportation,Travel",,,
lxxii.best,available,52,1%,5,Mathematics,,,
xcviii.best,available,52,1%,6,Mathematics,,,
sixtyfive.best,available,52,3%,10,Mathematics,,,
chagrined.best,available,52,1%,9,Humanities,,,
lxxxiii.best,available,52,1%,7,Mathematics,,,
lxxxi.best,available,52,1%,5,Mathematics,,,
sixtysix.best,available,52,4%,9,Mathematics,,,
lxxxvii.best,available,52,1%,7,Mathematics,,,
adenoidal.best,available,52,1%,9,"Health and Fitness,Medicine,Science",,,
decumbent.best,available,52,1%,9,"Healthcare,Medicine,Science",,,
aboulic.best,available,52,1%,7,Medicine,,,
lxxi.best,available,52,1%,4,Mathematics,,,
xcvii.best,available,52,1%,5,Mathematics,,,
ninetytwo.best,available,52,4%,10,Mathematics,,,
abstruse.best,available,52,5%,8,"Humanities,Mathematics,Science",,,
xcvi.best,available,52,2%,4,Mathematics,,,
lxvi.best,available,52,3%,4,Mathematics,,,
lxii.best,available,52,1%,4,Mathematics,,,
adhominem.best,available,50,2%,10,"Humanities,Law,Politics",,,
abomasal.best,available,50,0%,8,Agriculture,,,
lxx.best,available,50,5%,3,Mathematics,,,
broached.best,available,50,0%,8,Food and Beverage,,,
aculeated.best,available,50,0%,9,"Engineering,Medicine,Science",,,
abbatial.best,available,50,0%,8,Religion,,,
needlelike.best,available,50,0%,10,"Engineering,Medicine,Science",,,
abranchial.best,available,50,0%,10,Science,,,
triplet.best,available,50,8%,7,Science,,,
ogdoad.best,available,50,1%,6,Mathematics,,,
gillless.best,available,50,0%,9,Science,,,
abdicable.best,available,50,0%,9,Law,,,
abactinal.best,available,50,0%,9,Science,,,
acquitted.best,available,50,1%,9,Law,,,
adactylous.best,available,50,0%,10,Science,,,
abducting.best,available,50,0%,9,Medicine,,,
cinque.best,available,50,7%,6,Mathematics,,,
acellular.best,available,50,1%,9,Science,,,
vinegary.best,available,50,1%,8,Food and Beverage,,,
lxxxviii.best,available,48,1%,8,Mathematics,,,
apriori.best,available,48,13%,8,Mathematics,,,
notguilty.best,available,48,5%,10,Law,,,
quaternary.best,available,46,3%,10,Mathematics,,,
stripling.best,available,46,2%,9,"Education,Entertainment,Healthcare",,,
accurst.best,available,40,1%,7,Religion,,,